case_id,filing_id,company,accession_number,report_date,expected_label,case_type,claim_text,filing_reference_anchors,ground_truth_rationale,evidence_phrase_1,evidence_section_1,evidence_char_start_1,evidence_char_end_1,evidence_excerpt_1,evidence_phrase_2,evidence_section_2,evidence_char_start_2,evidence_char_end_2,evidence_excerpt_2,source_file,included_in_main_run,review_status,notes,step2c_lock_status,step2c_lock_date,post_lock_change_control,pre_analysis_amendment_id,pre_analysis_amendment_date,pre_analysis_amendment_summary
F001_C01,F001,Apple Inc.,0000320193-25-000079,2025-09-27,Supported,cross_section_synthesis,Apple's filing presents its reportable segments on a geographic basis and the MD&A reports 2025 net sales for those same geographic reportable segments.,Item 1 @ chars 25615-25727; Item 7 @ chars 121955-122021,"Supported because Item 1 identifies Americas, Europe, Greater China, Japan and Rest of Asia Pacific as reportable geographic segments, and MD&A presents net sales by reportable segment for 2025.","The Company’s reportable segments consist of the Americas, Europe, Greater China, Japan and Rest of Asia Pacific",Item 1,25615,25727,"ple Card ® , a co-branded credit card, and Apple Pay ® , a cashless payment service. Segments The Company manages its business primarily on a geographic basis. The Company’s reportable segments consist of the Americas, Europe, Greater China, Japan and Rest of Asia Pacific. Americas includes both North and South America. Europe includes European countries, as well as India, the Middle East and Africa. Greater China includes China mainland, Hong Kong and Taiwan. Rest of Asia Pacific includes Australia, New Zealand and those Asian countries not included in the Company’s other reportable segments. Although the reportable segment",The following table shows net sales by reportable segment for 2025,Item 7,121955,122021,"the Company’s products and services, all of which can further adversely affect the Company’s business and results of operations. Segment Operating Performance The following table shows net sales by reportable segment for 2025, 2024 and 2023 (dollars in millions): 2025 Change 2024 Change 2023 Americas $ 178,353 7 % $ 167,045 3 % $ 162,560 Europe 111,032 10 % 101,328 7 % 94,294 Greater China 64,377 (4) % 66,952 (8) % 72,559 Japan 28,703 15 % 25,052 3 % 24,257 Rest of Asia Pacific 33,696 10 % 30,658 4 % 29,615 Total net sales $ 416,161 6 % $ 391,035 2 % $",F001_0000320193-25-000079.txt,Yes - locked for main run,Locked_for_main_run,Step 2C lock: approved for main-run execution; no post-lock claim/label/rationale edits except dated pre-analysis amendment.,Locked_for_main_run,2026-06-27,"No claim text, expected label, evidence anchor or rationale changes after lock except dated pre-analysis amendment before results analysis.",,,
F001_C02,F001,Apple Inc.,0000320193-25-000079,2025-09-27,Supported,numeric_consistency,"Apple reported 2025 total net sales of $416.161 billion, with iPhone net sales of $209.586 billion and Services net sales of $109.158 billion.",Item 7 @ chars 123417-123433; Item 7 @ chars 123614-123635,"Supported by the Products and Services Performance table, which lists iPhone, Services and total net sales for 2025 in millions.","iPhone $ 209,586",Item 7,123417,123433,"2 Products and Services Performance The following table shows net sales by category for 2025, 2024 and 2023 (dollars in millions): 2025 Change 2024 Change 2023 iPhone $ 209,586 4 % $ 201,183 — % $ 200,583 Mac 33,708 12 % 29,984 2 % 29,357 iPad 28,023 5 % 26,694 (6) % 28,300 Wearables, Home and Accessories 35,686 (4) % 37,005 (7) % 39,845 Services (1) 109,158 14 % 96,169 13 % 85,200 Total net sales $ 416,161 6 % $ 391,035 2 % $ 383,285 (1) Services net sales include amortization of the deferred value of","Services (1) 109,158",Item 7,123614,123635,"% $ 200,583 Mac 33,708 12 % 29,984 2 % 29,357 iPad 28,023 5 % 26,694 (6) % 28,300 Wearables, Home and Accessories 35,686 (4) % 37,005 (7) % 39,845 Services (1) 109,158 14 % 96,169 13 % 85,200 Total net sales $ 416,161 6 % $ 391,035 2 % $ 383,285 (1) Services net sales include amortization of the deferred value of services bundled in the sales price of certain products. iPhone iPhone net sales increased during 2025 compared to 2024 due to higher net sales of Pro models. Mac Mac net sales increased during 2025 com",F001_0000320193-25-000079.txt,Yes - locked for main run,Locked_for_main_run,Step 2C lock: approved for main-run execution; no post-lock claim/label/rationale edits except dated pre-analysis amendment.,Locked_for_main_run,2026-06-27,"No claim text, expected label, evidence anchor or rationale changes after lock except dated pre-analysis amendment before results analysis.",,,
F001_C03,F001,Apple Inc.,0000320193-25-000079,2025-09-27,Supported,risk_to_mda_linkage,Apple's filing links international business exposure with market-risk sensitivity by disclosing that sales outside the U.S. represent a majority of total net sales and that the company is exposed to interest-rate and foreign-exchange risk.,Item 1A @ chars 39859-39938; Item 7A @ chars 136235-136321,Supported by risk-factor language on sales outside the U.S. and Item 7A disclosure of economic risk from interest rates and foreign exchange rates.,sales outside the U.S. representing a majority of the Company’s total net sales,Item 1A,39859,39938,"n materially adversely affect the Company’s business, results of operations, financial condition and stock price. The Company has international operations with sales outside the U.S. representing a majority of the Company’s total net sales. In addition, the Company’s global supply chain is large and complex and a majority of the Company’s supplier facilities, including manufacturing and assembly sites, are located outside the U.S. As a result, the Company’s operations and performance depend significantly on global and regional economic conditions. Adverse macroeconomic conditions, including s",The Company is exposed to economic risk from interest rates and foreign exchange rates,Item 7A,136235,136321,"could have a material impact on the Company’s financial condition and operating results. Item 7A. Quantitative and Qualitative Disclosures About Market Risk The Company is exposed to economic risk from interest rates and foreign exchange rates. The Company uses various strategies to manage these risks; however, they may still impact the Company’s consolidated financial statements. Interest Rate Risk The Company is primarily exposed to fluctuations in U.S. interest rates and their impact on the Company’s investment portfolio and term debt. Increases in interest rates will negatively affect the fai",F001_0000320193-25-000079.txt,Yes - locked for main run,Locked_for_main_run,Step 2C lock: approved for main-run execution; no post-lock claim/label/rationale edits except dated pre-analysis amendment.,Locked_for_main_run,2026-06-27,"No claim text, expected label, evidence anchor or rationale changes after lock except dated pre-analysis amendment before results analysis.",,,
F001_C04,F001,Apple Inc.,0000320193-25-000079,2025-09-27,Contradicted,segment_consistency,"Apple's reportable segments in the filing are product lines: iPhone, Mac, iPad, Wearables/Home/Accessories and Services.",Item 1 @ chars 25549-25613; Item 1 @ chars 25615-25672,"Contradicted because the filing states that Apple manages business primarily on a geographic basis and its reportable segments are geographic regions, not product lines.",The Company manages its business primarily on a geographic basis,Item 1,25549,25613,"Payment Services The Company offers payment services, including Apple Card ® , a co-branded credit card, and Apple Pay ® , a cashless payment service. Segments The Company manages its business primarily on a geographic basis. The Company’s reportable segments consist of the Americas, Europe, Greater China, Japan and Rest of Asia Pacific. Americas includes both North and South America. Europe includes European countries, as well as India, the Middle East and Africa. Greater China includes China mainland, Hong Kong and Taiwan. Rest of Asia Pacific includes Australia, New Zealand",The Company’s reportable segments consist of the Americas,Item 1,25615,25672,"ple Card ® , a co-branded credit card, and Apple Pay ® , a cashless payment service. Segments The Company manages its business primarily on a geographic basis. The Company’s reportable segments consist of the Americas, Europe, Greater China, Japan and Rest of Asia Pacific. Americas includes both North and South America. Europe includes European countries, as well as India, the Middle East and Africa. Greater China includes China mainland, Hong Kong and Taiwan. Rest of Asia Pacific includes Australia, New Zealand and those Asian countries not included in the Company’s oth",F001_0000320193-25-000079.txt,Yes - locked for main run,Locked_for_main_run,Step 2C lock: approved for main-run execution; no post-lock claim/label/rationale edits except dated pre-analysis amendment.,Locked_for_main_run,2026-06-27,"No claim text, expected label, evidence anchor or rationale changes after lock except dated pre-analysis amendment before results analysis.",,,
F001_C05,F001,Apple Inc.,0000320193-25-000079,2025-09-27,Contradicted,causal_or_explanatory_claim,Apple states that Services net sales decreased in 2025 because App Store and cloud services declined.,Item 7 @ chars 124419-124468; Item 7 @ chars 124503-124570,"Contradicted because MD&A states Services net sales increased in 2025 and attributes the increase partly to higher net sales from advertising, the App Store and cloud services.",Services Services net sales increased during 2025,Item 7,124419,124468,"and Accessories Wearables, Home and Accessories net sales decreased during 2025 compared to 2024 primarily due to lower net sales of Accessories and Wearables. Services Services net sales increased during 2025 compared to 2024 primarily due to higher net sales from advertising, the App Store and cloud services. Apple Inc. | 2025 Form 10-K | 23 Gross Margin Products and Services gross margin and gross margin percentage for 2025, 2024 and 2023 were as follows (dollars in millions): 2025 2024 2023 Gross margin: Products $ 112,887 $ 109,633 $ 108,803 Services 82,3","higher net sales from advertising, the App Store and cloud services",Item 7,124503,124570,"ared to 2024 primarily due to lower net sales of Accessories and Wearables. Services Services net sales increased during 2025 compared to 2024 primarily due to higher net sales from advertising, the App Store and cloud services. Apple Inc. | 2025 Form 10-K | 23 Gross Margin Products and Services gross margin and gross margin percentage for 2025, 2024 and 2023 were as follows (dollars in millions): 2025 2024 2023 Gross margin: Products $ 112,887 $ 109,633 $ 108,803 Services 82,314 71,050 60,345 Total gross margin $ 195,201 $ 180,683 $ 169,148 Gross margin percentage: Produ",F001_0000320193-25-000079.txt,Yes - locked for main run,Locked_for_main_run,Step 2C lock: approved for main-run execution; no post-lock claim/label/rationale edits except dated pre-analysis amendment.,Locked_for_main_run,2026-06-27,"No claim text, expected label, evidence anchor or rationale changes after lock except dated pre-analysis amendment before results analysis.",,,
F001_C06,F001,Apple Inc.,0000320193-25-000079,2025-09-27,Contradicted,numeric_consistency,Apple's total net sales for 2025 were $391.035 billion and Services net sales were $96.169 billion.,Item 7 @ chars 122332-122357; Item 7 @ chars 123614-123635,Contradicted because those values correspond to 2024 in the table; 2025 total net sales were $416.161 billion and Services net sales were $109.158 billion.,"Total net sales $ 416,161",Item 7,122332,122357,"7 % 94,294 Greater China 64,377 (4) % 66,952 (8) % 72,559 Japan 28,703 15 % 25,052 3 % 24,257 Rest of Asia Pacific 33,696 10 % 30,658 4 % 29,615 Total net sales $ 416,161 6 % $ 391,035 2 % $ 383,285 Americas Americas net sales increased during 2025 compared to 2024 primarily due to higher net sales of iPhone and Services. The weakness in foreign currencies relative to the U.S. dollar had an unfavorable year-over-year impact on Americas net sales during 2025. Europe Europe net sales increased during 2025 compared to 2024","Services (1) 109,158",Item 7,123614,123635,"% $ 200,583 Mac 33,708 12 % 29,984 2 % 29,357 iPad 28,023 5 % 26,694 (6) % 28,300 Wearables, Home and Accessories 35,686 (4) % 37,005 (7) % 39,845 Services (1) 109,158 14 % 96,169 13 % 85,200 Total net sales $ 416,161 6 % $ 391,035 2 % $ 383,285 (1) Services net sales include amortization of the deferred value of services bundled in the sales price of certain products. iPhone iPhone net sales increased during 2025 compared to 2024 due to higher net sales of Pro models. Mac Mac net sales increased during 2025 com",F001_0000320193-25-000079.txt,Yes - locked for main run,Locked_for_main_run,Step 2C lock: approved for main-run execution; no post-lock claim/label/rationale edits except dated pre-analysis amendment.,Locked_for_main_run,2026-06-27,"No claim text, expected label, evidence anchor or rationale changes after lock except dated pre-analysis amendment before results analysis.",,,
F001_C07,F001,Apple Inc.,0000320193-25-000079,2025-09-27,Insufficient Evidence,unsupported_causal_claim,Apple Intelligence directly caused the 2025 increase in Apple's Services net sales.,Item 7 @ chars 124419-124468; Item 7 @ chars 124503-124570,"Insufficient Evidence because the filing supports a Services net sales increase and gives specific drivers, but the reviewed filing evidence does not explicitly attribute that increase to Apple Intelligence.",Services Services net sales increased during 2025,Item 7,124419,124468,"and Accessories Wearables, Home and Accessories net sales decreased during 2025 compared to 2024 primarily due to lower net sales of Accessories and Wearables. Services Services net sales increased during 2025 compared to 2024 primarily due to higher net sales from advertising, the App Store and cloud services. Apple Inc. | 2025 Form 10-K | 23 Gross Margin Products and Services gross margin and gross margin percentage for 2025, 2024 and 2023 were as follows (dollars in millions): 2025 2024 2023 Gross margin: Products $ 112,887 $ 109,633 $ 108,803 Services 82,3","higher net sales from advertising, the App Store and cloud services",Item 7,124503,124570,"ared to 2024 primarily due to lower net sales of Accessories and Wearables. Services Services net sales increased during 2025 compared to 2024 primarily due to higher net sales from advertising, the App Store and cloud services. Apple Inc. | 2025 Form 10-K | 23 Gross Margin Products and Services gross margin and gross margin percentage for 2025, 2024 and 2023 were as follows (dollars in millions): 2025 2024 2023 Gross margin: Products $ 112,887 $ 109,633 $ 108,803 Services 82,314 71,050 60,345 Total gross margin $ 195,201 $ 180,683 $ 169,148 Gross margin percentage: Produ",F001_0000320193-25-000079.txt,Yes - locked for main run,Locked_for_main_run,Step 2C lock: approved for main-run execution; no post-lock claim/label/rationale edits except dated pre-analysis amendment.,Locked_for_main_run,2026-06-27,"No claim text, expected label, evidence anchor or rationale changes after lock except dated pre-analysis amendment before results analysis.",,,
F001_C08,F001,Apple Inc.,0000320193-25-000079,2025-09-27,Insufficient Evidence,missing_cross_section_support,Apple discloses the exact number of iPhone units sold during fiscal 2025.,Item 7 @ chars 123857-123895; Item 7 @ chars 123293-123349,"Insufficient Evidence because the filing provides iPhone net sales and product discussion, but this case requires a unit-sales count not located in the supplied filing evidence.",iPhone net sales increased during 2025,Item 7,123857,123895,"$ 391,035 2 % $ 383,285 (1) Services net sales include amortization of the deferred value of services bundled in the sales price of certain products. iPhone iPhone net sales increased during 2025 compared to 2024 due to higher net sales of Pro models. Mac Mac net sales increased during 2025 compared to 2024 primarily due to higher net sales of laptops and desktops. iPad iPad net sales increased during 2025 compared to 2024 primarily due to higher net sales of iPad Air, iPad mini and iPad, partially offset by lower net sales of iPad Pro. Wearables, H",The following table shows net sales by category for 2025,Item 7,123293,123349,"during 2025 compared to 2024 primarily due to higher net sales of iPhone, Services and Mac. Apple Inc. | 2025 Form 10-K | 22 Products and Services Performance The following table shows net sales by category for 2025, 2024 and 2023 (dollars in millions): 2025 Change 2024 Change 2023 iPhone $ 209,586 4 % $ 201,183 — % $ 200,583 Mac 33,708 12 % 29,984 2 % 29,357 iPad 28,023 5 % 26,694 (6) % 28,300 Wearables, Home and Accessories 35,686 (4) % 37,005 (7) % 39,845 Services (1) 109,158 14 % 96,169 13 % 85,200 Total net sales $ 416,161 6 % $ 391,035 2",F001_0000320193-25-000079.txt,Yes - locked for main run,Locked_for_main_run,Step 2C lock: approved for main-run execution; no post-lock claim/label/rationale edits except dated pre-analysis amendment.,Locked_for_main_run,2026-06-27,"No claim text, expected label, evidence anchor or rationale changes after lock except dated pre-analysis amendment before results analysis.",,,
F002_C01,F002,"Amazon.com, Inc.",0001018724-26-000004,2025-12-31,Supported,cross_section_synthesis,"Amazon organizes operations into North America, International and AWS, and MD&A uses the same three segments to discuss results of operations.",Item 1 @ chars 35775-35882; Item 7 @ chars 138808-138899,"Supported because Item 1 states the three operating segments, while MD&A repeats those same segments for results analysis.","We have organized our operations into three segments: North America, International, and Amazon Web Services",Item 1,35775,35882,"h of our segments, we serve our primary customer sets, consisting of consumers, sellers, developers, enterprises, content creators, advertisers, and employees. We have organized our operations into three segments: North America, International, and Amazon Web Services (“AWS”). These segments reflect the way the Company evaluates its business performance and manages its operations. Information on our net sales is contained in Item 8 of Part II, “Financial Statements and Supplementary Data — Note 10 — Segment Information.” Consumers We serve consumers through our online and physical stores and focus on selection, price, an","We have organized our operations into three segments: North America, International, and AWS",Item 7,138808,138899,"ket volatility, which, along with any increases in our borrowing levels, could increase our future borrowing costs. 23 Table of Contents Results of Operations We have organized our operations into three segments: North America, International, and AWS. These segments reflect the way the Company evaluates its business performance and manages its operations. See Item 8 of Part II, “Financial Statements and Supplementary Data — Note 10 — Segment Information.” Overview Macroeconomic factors, including changes in inflation and interest rates, resource and supply volatility, global economic and geopolitical d",F002_0001018724-26-000004.txt,Yes - locked for main run,Locked_for_main_run,Step 2C lock: approved for main-run execution; no post-lock claim/label/rationale edits except dated pre-analysis amendment.,Locked_for_main_run,2026-06-27,"No claim text, expected label, evidence anchor or rationale changes after lock except dated pre-analysis amendment before results analysis.",,,
F002_C02,F002,"Amazon.com, Inc.",0001018724-26-000004,2025-12-31,Supported,numeric_consistency,"Amazon's 2025 net sales were $716.924 billion, including AWS net sales of $128.725 billion.",Item 7 @ chars 140537-140570; Item 7 @ chars 140515-140535,"Supported by the MD&A net sales table, which reports 2025 consolidated net sales and AWS net sales in millions.","Consolidated $ 637,959 $ 716,924",Item 7,140537,140570,"s follows (in millions): Year Ended December 31, 2024 2025 Net Sales: North America $ 387,497 $ 426,305 International 142,906 161,894 AWS 107,556 128,725 Consolidated $ 637,959 $ 716,924 Year-over-year Percentage Growth: North America 10 % 10 % International 9 13 AWS 19 20 Consolidated 11 12 Year-over-year Percentage Growth, excluding the effect of foreign exchange rates: North America 10 % 10 % International 10 10 AWS 19 20 Consolidated 11 12 Net Sales Mix: North America 61 % 59 % International 22 23 AWS 17 18 Consol","AWS 107,556 128,725",Item 7,140515,140535,"sales information is as follows (in millions): Year Ended December 31, 2024 2025 Net Sales: North America $ 387,497 $ 426,305 International 142,906 161,894 AWS 107,556 128,725 Consolidated $ 637,959 $ 716,924 Year-over-year Percentage Growth: North America 10 % 10 % International 9 13 AWS 19 20 Consolidated 11 12 Year-over-year Percentage Growth, excluding the effect of foreign exchange rates: North America 10 % 10 % International 10 10 AWS 19 20 Consolidated 11 12 Net Sales Mix: North America 61 % 59 % Inter",F002_0001018724-26-000004.txt,Yes - locked for main run,Locked_for_main_run,Step 2C lock: approved for main-run execution; no post-lock claim/label/rationale edits except dated pre-analysis amendment.,Locked_for_main_run,2026-06-27,"No claim text, expected label, evidence anchor or rationale changes after lock except dated pre-analysis amendment before results analysis.",,,
F002_C03,F002,"Amazon.com, Inc.",0001018724-26-000004,2025-12-31,Supported,risk_to_mda_linkage,"Amazon's filing identifies artificial intelligence as relevant to both its services and its operational uncertainty: AWS offers AI and machine-learning services, while MD&A says technology adoption including AI can affect demand, expenses and benefits in ways that are difficult to predict, isolate and quantify.",Item 1 @ chars 37910-38067; Item 7 @ chars 139403-139552,Supported by Item 1 description of AWS services and MD&A discussion of macroeconomic and technology factors including AI.,"AWS, which offers a broad set of on-demand technology services, including compute, storage, database, analytics, artificial intelligence and machine learning",Item 1,37910,38067,"rams. Developers and Enterprises We serve developers and enterprises of all sizes, including start-ups, government agencies, and academic institutions, through AWS, which offers a broad set of on-demand technology services, including compute, storage, database, analytics, artificial intelligence and machine learning, and other services. Content Creators We offer programs that allow authors, independent publishers, musicians, filmmakers, Twitch streamers, skill and app developers, and others to publish and sell content. Advertisers We provide advertising services to sellers, vendors, publishers, authors, and others, through programs...","including artificial intelligence, have direct and indirect impacts on our results of operations that are difficult to predict, isolate, and quantify",Item 7,139403,139552,"d geopolitical developments, including unpredictable shifts in global tariff and trade policies, and the development and adoption of technologies and services, including artificial intelligence, have direct and indirect impacts on our results of operations that are difficult to predict, isolate, and quantify. These could affect customer demand for our products and services, our ability to forecast growth needs, expenses, and benefits from new technologies. Further, we expect to continue making additional investments in our artificial intelligence initiatives. We expect some or all of these factors to continue to impact our results...",F002_0001018724-26-000004.txt,Yes - locked for main run,Locked_for_main_run,Step 2C lock: approved for main-run execution; no post-lock claim/label/rationale edits except dated pre-analysis amendment.,Locked_for_main_run,2026-06-27,"No claim text, expected label, evidence anchor or rationale changes after lock except dated pre-analysis amendment before results analysis.",,,
F002_C04,F002,"Amazon.com, Inc.",0001018724-26-000004,2025-12-31,Contradicted,segment_consistency,Amazon's filing says it has only two operating segments: Retail and AWS.,Item 1 @ chars 35775-35882; Item 1 @ chars 35892-35996,"Contradicted because the filing states that Amazon has three segments: North America, International and AWS.","We have organized our operations into three segments: North America, International, and Amazon Web Services",Item 1,35775,35882,"h of our segments, we serve our primary customer sets, consisting of consumers, sellers, developers, enterprises, content creators, advertisers, and employees. We have organized our operations into three segments: North America, International, and Amazon Web Services (“AWS”). These segments reflect the way the Company evaluates its business performance and manages its operations. Information on our net sales is contained in Item 8 of Part II, “Financial Statements and Supplementary Data — Note 10 — Segment Information.” Consumers We serve consumers through our online and physical stores and focus on selection, price, an",These segments reflect the way the Company evaluates its business performance and manages its operations,Item 1,35892,35996,"tent creators, advertisers, and employees. We have organized our operations into three segments: North America, International, and Amazon Web Services (“AWS”). These segments reflect the way the Company evaluates its business performance and manages its operations. Information on our net sales is contained in Item 8 of Part II, “Financial Statements and Supplementary Data — Note 10 — Segment Information.” Consumers We serve consumers through our online and physical stores and focus on selection, price, and convenience. We design our stores to enable hundreds of millions of unique products to be sold by us and by thir",F002_0001018724-26-000004.txt,Yes - locked for main run,Locked_for_main_run,Step 2C lock: approved for main-run execution; no post-lock claim/label/rationale edits except dated pre-analysis amendment.,Locked_for_main_run,2026-06-27,"No claim text, expected label, evidence anchor or rationale changes after lock except dated pre-analysis amendment before results analysis.",,,
F002_C05,F002,"Amazon.com, Inc.",0001018724-26-000004,2025-12-31,Contradicted,numeric_consistency,Amazon's AWS net sales were $107.556 billion in 2025.,Item 7 @ chars 140515-140535; Item 7 @ chars 140402-140445,Contradicted because the net sales table shows AWS at $128.725 billion for 2025; $107.556 billion is the 2024 amount.,"AWS 107,556 128,725",Item 7,140515,140535,"sales information is as follows (in millions): Year Ended December 31, 2024 2025 Net Sales: North America $ 387,497 $ 426,305 International 142,906 161,894 AWS 107,556 128,725 Consolidated $ 637,959 $ 716,924 Year-over-year Percentage Growth: North America 10 % 10 % International 9 13 AWS 19 20 Consolidated 11 12 Year-over-year Percentage Growth, excluding the effect of foreign exchange rates: North America 10 % 10 % International 10 10 AWS 19 20 Consolidated 11 12 Net Sales Mix: North America 61 % 59 % Inter","Year Ended December 31, 2024 2025 Net Sales",Item 7,140402,140445,"sales, advertising services, Amazon Prime membership fees, and certain digital media content subscriptions. Net sales information is as follows (in millions): Year Ended December 31, 2024 2025 Net Sales: North America $ 387,497 $ 426,305 International 142,906 161,894 AWS 107,556 128,725 Consolidated $ 637,959 $ 716,924 Year-over-year Percentage Growth: North America 10 % 10 % International 9 13 AWS 19 20 Consolidated 11 12 Year-over-year Percentage Growth, excluding the effect of foreign exchange rates: North America 10 % 10 % Internation",F002_0001018724-26-000004.txt,Yes - locked for main run,Locked_for_main_run,Step 2C lock: approved for main-run execution; no post-lock claim/label/rationale edits except dated pre-analysis amendment.,Locked_for_main_run,2026-06-27,"No claim text, expected label, evidence anchor or rationale changes after lock except dated pre-analysis amendment before results analysis.",,,
F002_C06,F002,"Amazon.com, Inc.",0001018724-26-000004,2025-12-31,Insufficient Evidence,unsupported_causal_claim,Amazon's 12% increase in 2025 net sales was caused primarily by its artificial intelligence initiatives.,Item 7 @ chars 140951-140978; Item 7 @ chars 139403-139470,"Insufficient Evidence because MD&A reports 12% sales growth and separately discusses AI initiatives and uncertainty, but the filing does not explicitly attribute the consolidated 2025 sales increase primarily to AI initiatives.",Sales increased 12% in 2025,Item 7,140951,140978,"% International 10 10 AWS 19 20 Consolidated 11 12 Net Sales Mix: North America 61 % 59 % International 22 23 AWS 17 18 Consolidated 100 % 100 % Sales increased 12% in 2025, compared to the prior year. Changes in foreign exchange rates increased net sales by $4.4 billion in 2025. For a discussion of the effect of foreign exchange rates on sales growth, see “Effect of Foreign Exchange Rates” below. North America sales increased 10% in 2025, compared to the prior year. The sales growth primarily reflects increased unit sales, in","including artificial intelligence, have direct and indirect impacts",Item 7,139403,139470,"d geopolitical developments, including unpredictable shifts in global tariff and trade policies, and the development and adoption of technologies and services, including artificial intelligence, have direct and indirect impacts on our results of operations that are difficult to predict, isolate, and quantify. These could affect customer demand for our products and services, our ability to forecast growth needs, expenses, and benefits from new technologies. Further, we expect to continue making additional investments in our artificial intelligence initiatives. We expect some or all",F002_0001018724-26-000004.txt,Yes - locked for main run,Locked_for_main_run,Step 2C lock: approved for main-run execution; no post-lock claim/label/rationale edits except dated pre-analysis amendment.,Locked_for_main_run,2026-06-27,"No claim text, expected label, evidence anchor or rationale changes after lock except dated pre-analysis amendment before results analysis.",,,
F002_C07,F002,"Amazon.com, Inc.",0001018724-26-000004,2025-12-31,Insufficient Evidence,missing_cross_section_support,"Amazon discloses the exact number of global Prime members at December 31, 2025.",Item 1 @ chars 36867-36901; Item 1 @ chars 36837-36858,"Insufficient Evidence because the filing discusses Amazon Prime as a subscription service, but the supplied filing evidence does not provide the exact global Prime member count required by the claim.","Amazon Prime, a membership program",Item 1,36867,36901,"r our customers low prices, fast and free delivery, easy-to-use functionality, and timely customer service. In addition, we offer subscription services such as Amazon Prime, a membership program that includes fast, free shipping on tens of millions of items, access to award-winning movies and series, live sports, and other benefits. We fulfill customer orders in a number of ways, including through: North America and International fulfillment networks that we operate; co-sourced and outsourced arrangements in certain countries; digital delivery; and",subscription services,Item 1,36837,36858,"media content. We seek to offer our customers low prices, fast and free delivery, easy-to-use functionality, and timely customer service. In addition, we offer subscription services such as Amazon Prime, a membership program that includes fast, free shipping on tens of millions of items, access to award-winning movies and series, live sports, and other benefits. We fulfill customer orders in a number of ways, including through: North America and International fulfillment networks that we operate; co-sourced and outsourced arrangements",F002_0001018724-26-000004.txt,Yes - locked for main run,Locked_for_main_run,Step 2C lock: approved for main-run execution; no post-lock claim/label/rationale edits except dated pre-analysis amendment.,Locked_for_main_run,2026-06-27,"No claim text, expected label, evidence anchor or rationale changes after lock except dated pre-analysis amendment before results analysis.",,,
F002_C08,F002,"Amazon.com, Inc.",0001018724-26-000004,2025-12-31,Insufficient Evidence,unsupported_forward_looking_or_external_claim,Amazon's filing states that AWS had a larger 2025 cloud-infrastructure market share than Microsoft Azure and Google Cloud combined.,Item 7 @ chars 142165-142196; Item 1 @ chars 37910-37972,"Insufficient Evidence because the filing reports AWS sales and describes AWS services, but it does not provide the external comparative market-share statement asserted in the claim.",AWS sales increased 20% in 2025,Item 7,142165,142196,"nience for our customers, including from our fast shipping offers. Changes in foreign exchange rates increased International net sales by $4.9 billion in 2025. AWS sales increased 20% in 2025, compared to the prior year. The sales growth primarily reflects increased customer usage, partially offset by pricing changes primarily driven by long-term customer contracts. Operating Expenses Information about operating expenses is as follows (in millions): Year Ended December 31, 2024 2025 Operating Expenses: Cost of sales $ 326,288 $ 356,414 Fulfill","AWS, which offers a broad set of on-demand technology services",Item 1,37910,37972,"rams. Developers and Enterprises We serve developers and enterprises of all sizes, including start-ups, government agencies, and academic institutions, through AWS, which offers a broad set of on-demand technology services, including compute, storage, database, analytics, artificial intelligence and machine learning, and other services. Content Creators We offer programs that allow authors, independent publishers, musicians, filmmakers, Twitch streamers, skill and app developers, and others to publish and sell content. Advertisers We provide advertising services to sellers,",F002_0001018724-26-000004.txt,Yes - locked for main run,Locked_for_main_run,Step 2C lock: approved for main-run execution; no post-lock claim/label/rationale edits except dated pre-analysis amendment.,Locked_for_main_run,2026-06-27,"No claim text, expected label, evidence anchor or rationale changes after lock except dated pre-analysis amendment before results analysis.",,,
F003_C01,F003,JPMorgan Chase & Co.,0001628280-26-008131,2025-12-31,Supported,cross_section_synthesis,"JPMorganChase's filing describes the firm as a global financial services firm with $4.4 trillion in assets and three reportable business segments: CCB, CIB and AWM.",Item 1 @ chars 240356-240440; Filing text / embedded MD&A or note section @ chars 437553-437618,Supported by the business overview and business-segment description in the filing.,JPMorganChase had $4.4 trillion in assets and $362.4 billion in stockholders’ equity,Item 1,240356,240440,"ompany incorporated under Delaware law in 1968, is a leading financial services firm based in the United States of America (“U.S.”), with operations worldwide. JPMorganChase had $4.4 trillion in assets and $362.4 billion in stockholders’ equity as of December 31, 2025. The Firm is a leader in investment banking, financial services for consumers and small businesses, commercial banking, financial transaction processing and asset management. Under the J.P. Morgan and Chase brands, the Firm serves millions of customers, predominantly in the U.S., and many of the world’s most prominent corporate, inst",three reportable business segments – Consumer & Community Banking,Filing text / embedded MD&A or note section,437553,437618,"bsidiaries of JPMorgan Chase Bank, N.A. and are based in the United Kingdom (“U.K.”) and Germany, respectively. For management reporting purposes, the Firm has three reportable business segments – Consumer & Community Banking (“CCB”), Commercial & Investment Bank (“CIB”) and Asset & Wealth Management (“AWM”) – with the remaining activities in Corporate. The Firm's consumer business segment is CCB, and the Firm's wholesale business segments are CIB and AWM. Refer to Business Segment & Corporate Results on pages 62–82 and Note 32 for a description of the Firm’s reportable business",F003_0001628280-26-008131.txt,Yes - locked for main run,Locked_for_main_run,Step 2C lock: approved for main-run execution; no post-lock claim/label/rationale edits except dated pre-analysis amendment.,Locked_for_main_run,2026-06-27,"No claim text, expected label, evidence anchor or rationale changes after lock except dated pre-analysis amendment before results analysis.",,,
F003_C02,F003,JPMorgan Chase & Co.,0001628280-26-008131,2025-12-31,Supported,numeric_consistency,"For 2025, JPMorganChase reported managed-basis total net revenue of $185.581 billion and provision for credit losses of $14.212 billion.",Filing text / embedded MD&A or note section @ chars 479223-479262; Filing text / embedded MD&A or note section @ chars 429375-429409,"Supported by the managed-basis reconciliation table in the filing, which lists total net revenue and provision for credit losses for 2025.","Total net revenue 182,447 3,134 185,581",Filing text / embedded MD&A or note section,479223,479262,"erest revenue 87,004 2,709 89,713 84,973 2,560 87,533 68,837 3,782 72,619 Net interest income 95,443 425 95,868 92,583 477 93,060 89,267 480 89,747 Total net revenue 182,447 3,134 185,581 177,556 3,037 180,593 158,104 4,262 162,366 Total noninterest expense 95,640 NA 95,640 91,797 NA 91,797 87,172 NA 87,172 Pre-provision profit 86,807 3,134 89,941 85,759 3,037 88,796 70,932 4,262 75,194 Provision for credit losses 14,212 NA 14,212 10,678 NA 10,678 9,320 NA 9,320 Income before income tax expense 72,595 3,134 75,729 75,081","Provision for credit losses 14,212",Filing text / embedded MD&A or note section,429375,429409,"data Total net revenue $ 182,447 $ 177,556 (g) $ 158,104 Total noninterest expense 95,640 91,797 (g) 87,172 Pre-provision profit (a) 86,807 85,759 70,932 Provision for credit losses 14,212 (e) 10,678 9,320 Income before income tax expense 72,595 75,081 61,612 Income tax expense 15,547 16,610 12,060 Net income $ 57,048 $ 58,471 $ 49,552 Earnings per share data Net income: Basic $ 20.05 $ 19.79 $ 16.25 Diluted 20.02 19.75 16.23 Average shares: Basic 2,776.5 2,873.9 2,938.6 Diluted 2,781.5 2,87",F003_0001628280-26-008131.txt,Yes - locked for main run,Locked_for_main_run,Step 2C lock: approved for main-run execution; no post-lock claim/label/rationale edits except dated pre-analysis amendment.,Locked_for_main_run,2026-06-27,"No claim text, expected label, evidence anchor or rationale changes after lock except dated pre-analysis amendment before results analysis.",,,
F003_C03,F003,JPMorgan Chase & Co.,0001628280-26-008131,2025-12-31,Contradicted,segment_consistency,"JPMorganChase reports only two business segments, CCB and CIB, and excludes Asset & Wealth Management from reportable business segments.",Filing text / embedded MD&A or note section @ chars 437553-437618; Item 1 @ chars 242753-242778,"Contradicted because the filing states there are three reportable business segments: CCB, CIB and AWM.",three reportable business segments – Consumer & Community Banking,Filing text / embedded MD&A or note section,437553,437618,"bsidiaries of JPMorgan Chase Bank, N.A. and are based in the United Kingdom (“U.K.”) and Germany, respectively. For management reporting purposes, the Firm has three reportable business segments – Consumer & Community Banking (“CCB”), Commercial & Investment Bank (“CIB”) and Asset & Wealth Management (“AWM”) – with the remaining activities in Corporate. The Firm's consumer business segment is CCB, and the Firm's wholesale business segments are CIB and AWM. Refer to Business Segment & Corporate Results on pages 62–82 and Note 32 for a description of the Firm’s reportable business",Asset & Wealth Management,Item 1,242753,242778,"nagement reporting purposes, the Firm has three reportable business segments – Consumer & Community Banking (“CCB”), Commercial & Investment Bank (“CIB”) and Asset & Wealth Management (“AWM”) – with the remaining activities in Corporate. The Firm’s consumer business segment is CCB, and the Firm’s wholesale business segments are CIB and AWM. A description of the Firm’s reportable business segments and the products and services that they provide to their respective client bases, as well as a description of Corporate activities, is provid",F003_0001628280-26-008131.txt,Yes - locked for main run,Locked_for_main_run,Step 2C lock: approved for main-run execution; no post-lock claim/label/rationale edits except dated pre-analysis amendment.,Locked_for_main_run,2026-06-27,"No claim text, expected label, evidence anchor or rationale changes after lock except dated pre-analysis amendment before results analysis.",,,
F003_C04,F003,JPMorgan Chase & Co.,0001628280-26-008131,2025-12-31,Contradicted,numeric_consistency,"As of December 31, 2025, JPMorganChase had $362.4 billion in assets and $4.4 trillion in stockholders' equity.",Item 1 @ chars 240356-240440; Item 1A @ chars 392280-392303,Contradicted because the filing gives the reverse: $4.4 trillion in assets and $362.4 billion in stockholders’ equity.,JPMorganChase had $4.4 trillion in assets and $362.4 billion in stockholders’ equity,Item 1,240356,240440,"ompany incorporated under Delaware law in 1968, is a leading financial services firm based in the United States of America (“U.S.”), with operations worldwide. JPMorganChase had $4.4 trillion in assets and $362.4 billion in stockholders’ equity as of December 31, 2025. The Firm is a leader in investment banking, financial services for consumers and small businesses, commercial banking, financial transaction processing and asset management. Under the J.P. Morgan and Chase brands, the Firm serves millions of customers, predominantly in the U.S., and many of the world’s most prominent corporate, inst","as of December 31, 2025",Item 1A,392280,392303,"ersecurity risk. Item 2. Properties. JPMorganChase’s headquarters is located in New York City at 270 Park Avenue, a 60-story office building owned by the Firm. As of December 31, 2025, the building was fully occupied, including by senior management. The Firm owned or leased facilities in the following locations at December 31, 2025. December 31, 2025 (in millions) Approximate square footage United States (a) New York City, New York 270 Park Avenue, New York, New York 2.0 All other New York City locations (b) 7.1 Total New York City, Ne",F003_0001628280-26-008131.txt,Yes - locked for main run,Locked_for_main_run,Step 2C lock: approved for main-run execution; no post-lock claim/label/rationale edits except dated pre-analysis amendment.,Locked_for_main_run,2026-06-27,"No claim text, expected label, evidence anchor or rationale changes after lock except dated pre-analysis amendment before results analysis.",,,
F003_C05,F003,JPMorgan Chase & Co.,0001628280-26-008131,2025-12-31,Contradicted,business_model_and_segments,The filing classifies Consumer & Community Banking as one of JPMorganChase's wholesale business segments.,Filing text / embedded MD&A or note section @ chars 437749-437792; Filing text / embedded MD&A or note section @ chars 437798-437852,"Contradicted because the filing states that CCB is the consumer business segment, while CIB and AWM are the wholesale business segments.",The Firm's consumer business segment is CCB,Filing text / embedded MD&A or note section,437749,437792,"Consumer & Community Banking (“CCB”), Commercial & Investment Bank (“CIB”) and Asset & Wealth Management (“AWM”) – with the remaining activities in Corporate. The Firm's consumer business segment is CCB, and the Firm's wholesale business segments are CIB and AWM. Refer to Business Segment & Corporate Results on pages 62–82 and Note 32 for a description of the Firm’s reportable business segments and the products and services that they provide to their respective client bases, as well as a description of Corporate activities. The Firm’s website is www.jpmorg",the Firm's wholesale business segments are CIB and AWM,Filing text / embedded MD&A or note section,437798,437852,"& Investment Bank (“CIB”) and Asset & Wealth Management (“AWM”) – with the remaining activities in Corporate. The Firm's consumer business segment is CCB, and the Firm's wholesale business segments are CIB and AWM. Refer to Business Segment & Corporate Results on pages 62–82 and Note 32 for a description of the Firm’s reportable business segments and the products and services that they provide to their respective client bases, as well as a description of Corporate activities. The Firm’s website is www.jpmorganchase.com. JPMorganChase makes available on its website, f",F003_0001628280-26-008131.txt,Yes - locked for main run,Locked_for_main_run,Step 2C lock: approved for main-run execution; no post-lock claim/label/rationale edits except dated pre-analysis amendment.,Locked_for_main_run,2026-06-27,"No claim text, expected label, evidence anchor or rationale changes after lock except dated pre-analysis amendment before results analysis.",,,
F003_C06,F003,JPMorgan Chase & Co.,0001628280-26-008131,2025-12-31,Insufficient Evidence,unsupported_causal_claim,JPMorganChase's 2025 total net revenue increased because artificial intelligence adoption improved productivity across all business segments.,Filing text / embedded MD&A or note section @ chars 479223-479262; Item 1 @ chars 243330-243366,"Insufficient Evidence because the filing provides segment and revenue information, but the reviewed evidence does not explicitly attribute total net revenue change to AI-driven productivity across all segments.","Total net revenue 182,447 3,134 185,581",Filing text / embedded MD&A or note section,479223,479262,"erest revenue 87,004 2,709 89,713 84,973 2,560 87,533 68,837 3,782 72,619 Net interest income 95,443 425 95,868 92,583 477 93,060 89,267 480 89,747 Total net revenue 182,447 3,134 185,581 177,556 3,037 180,593 158,104 4,262 162,366 Total noninterest expense 95,640 NA 95,640 91,797 NA 91,797 87,172 NA 87,172 Pre-provision profit 86,807 3,134 89,941 85,759 3,037 88,796 70,932 4,262 75,194 Provision for credit losses 14,212 NA 14,212 10,678 NA 10,678 9,320 NA 9,320 Income before income tax expense 72,595 3,134 75,729 75,081",Business Segment & Corporate Results,Item 1,243330,243366,"n and analysis of financial condition and results of operations section of this Form 10-K (“Management’s discussion and analysis” or “MD&A”) under the heading “Business Segment & Corporate Results,” which begins on page 46, and in Note 32. Competition JPMorganChase and its subsidiaries and affiliates operate in highly competitive environments. Competitors include other banks, brokerage firms, investment banking companies, merchant banks, hedge funds, commodity trading companies, private equity firms, insurance companies, mutual fund companies, inves",F003_0001628280-26-008131.txt,Yes - locked for main run,Locked_for_main_run,Step 2C lock: approved for main-run execution; no post-lock claim/label/rationale edits except dated pre-analysis amendment.,Locked_for_main_run,2026-06-27,"No claim text, expected label, evidence anchor or rationale changes after lock except dated pre-analysis amendment before results analysis.",,,
F003_C07,F003,JPMorgan Chase & Co.,0001628280-26-008131,2025-12-31,Insufficient Evidence,missing_cross_section_support,"JPMorganChase discloses exact 2025 market-share percentages for each of investment banking, consumer banking and asset management.",Item 1 @ chars 240466-240508; Filing text / embedded MD&A or note section @ chars 238670-238681,"Insufficient Evidence because the filing describes competitive position and business activities, but the exact multi-business market-share percentages required by the claim are not present in the supplied filing evidence.",The Firm is a leader in investment banking,Item 1,240466,240508,"s of America (“U.S.”), with operations worldwide. JPMorganChase had $4.4 trillion in assets and $362.4 billion in stockholders’ equity as of December 31, 2025. The Firm is a leader in investment banking, financial services for consumers and small businesses, commercial banking, financial transaction processing and asset management. Under the J.P. Morgan and Chase brands, the Firm serves millions of customers, predominantly in the U.S., and many of the world’s most prominent corporate, institutional and government clients globally. JPMorganChase’s principal",Competition,Filing text / embedded MD&A or note section,238670,238681,"s Form 10-K in response to Items 10, 11, 12, 13 and 14 of Part III. Form 10-K Index Part I Page Item 1. Business . 1 Overview 1 Business segments & Corporate 1 Competition 1 Supervision and regulation 2-6 Human capital 7-8 Distribution of assets, liabilities and stockholders’ equity; interest rates and interest differentials 315-319 Item 1A. Risk Factors. 9-31 Item 1B. Unresolved Staff Comments. 32 Item 1 C . C ybersecurity. 32 Item 2. Properties. 32 Item 3. Legal Proceedings. 32 Item 4. Mine Safety Disclosures. 32 Part II It",F003_0001628280-26-008131.txt,Yes - locked for main run,Locked_for_main_run,Step 2C lock: approved for main-run execution; no post-lock claim/label/rationale edits except dated pre-analysis amendment.,Locked_for_main_run,2026-06-27,"No claim text, expected label, evidence anchor or rationale changes after lock except dated pre-analysis amendment before results analysis.",,,
F003_C08,F003,JPMorgan Chase & Co.,0001628280-26-008131,2025-12-31,Insufficient Evidence,unsupported_forward_looking_or_external_claim,JPMorganChase guarantees that its Security and Resiliency Initiative will reduce operational losses in 2026.,Filing text / embedded MD&A or note section @ chars 449048-449082; Filing text / embedded MD&A or note section @ chars 427022-427048,"Insufficient Evidence because the filing mentions the Security and Resiliency Initiative, but the supplied evidence does not provide a guarantee of reduced 2026 operational losses.",Security and Resiliency Initiative,Filing text / embedded MD&A or note section,449048,449082,"nced that Todd A. Combs had resigned from the Firm’s Board of Directors and would join the Firm as the head of the Strategic Investment Group within the Firm’s Security and Resiliency Initiative. Outlook The statements set forth below are forward-looking statements within the meaning of the Private Securities Litigation Reform Act of 1995. Such forward-looking statements are based on the beliefs and expectations of JPMorganChase’s management, speak only as of the date on which they were made, and are subject to significant risks and uncertainties.",forward-looking statements,Filing text / embedded MD&A or note section,427022,427048,C li mate Risk Manag ement 145 Operational Risk Management 146 Critical Accounting Estimates Used by the Firm 154 Accounting and Reporting Developments 158 Forward-Looking Statements 160 Audited financial statements: Management’s Report on Internal Control Over Financial Reporting 161 Report of Independent Registered Public Accounting Firm 162 Consolidated Financial Statements 165 Notes to consolidated financial statements: Page Note 1 - Basis of presentation 170 Note 2 - Fair value measurement 174 Note 3 - Fair value option 196 Note 4,F003_0001628280-26-008131.txt,Yes - locked for main run,Locked_for_main_run,Step 2C lock: approved for main-run execution; no post-lock claim/label/rationale edits except dated pre-analysis amendment.,Locked_for_main_run,2026-06-27,"No claim text, expected label, evidence anchor or rationale changes after lock except dated pre-analysis amendment before results analysis.",,,
F004_C01,F004,Bank of America Corp.,0000070858-26-000157,2025-12-31,Supported,cross_section_synthesis,"Bank of America's filing describes it as one of the world's largest financial institutions and identifies four business segments: Consumer Banking, GWIM, Global Banking and Global Markets.",Item 1 @ chars 299504-299572; Item 1 @ chars 302529-302570,"Supported by Item 1, which provides the business overview and segment structure.",Bank of America is one of the world’s largest financial institutions,Item 1,299504,299572,"xity and costs, the Corporation has reduced and intends to continue to reduce the number of its corporate subsidiaries, including through intercompany mergers. Bank of America is one of the world’s largest financial institutions, serving individual consumers, small- and middle-market businesses, institutional investors, large corporations and governments with a full range of banking, investing, asset management and other financial and risk management products and services. Our principal executive offices are located in the Bank of America Corporate Center, 100 North Tryon Street, C",four business segments: Consumer Banking,Item 1,302529,302570,"nk subsidiaries throughout the U.S. and in international markets, we provide a diversified range of banking and nonbank financial services and products through four business segments: Consumer Banking , Global Wealth & Investment Management (GWIM) , Global Banking and Global Markets , with the remaining operations recorded in All Other . Additional information related to our business segments and the products and services they provide is included in the information set forth on pages 36 through 44 of Item 7. Management’s Discussion and Analysis of F",F004_0000070858-26-000157.txt,Yes - locked for main run,Locked_for_main_run,Step 2C lock: approved for main-run execution; no post-lock claim/label/rationale edits except dated pre-analysis amendment.,Locked_for_main_run,2026-06-27,"No claim text, expected label, evidence anchor or rationale changes after lock except dated pre-analysis amendment before results analysis.",,,
F004_C02,F004,Bank of America Corp.,0000070858-26-000157,2025-12-31,Supported,numeric_consistency,"Bank of America's Consumer Banking segment reported 2025 net income of $12.245 billion and total revenue, net of interest expense, of $43.673 billion.",Item 1 @ chars 508629-508677; Item 1 @ chars 509105-509124,Supported by the Consumer Banking table in MD&A.,Consumer Banking (Dollars in millions) 2025 2024,Item 1,508629,508677,"ce, client trends and business growth. These KPIs may not be defined or calculated in the same way as similar KPIs used by other companies. Bank of America 36 Consumer Banking (Dollars in millions) 2025 2024 % Change Net interest income $ 35,309 $ 33,078 7 % Noninterest income: Card income 5,456 5,432 — Service charges 2,528 2,445 3 All other income 380 481 (21) Total noninterest income 8,364 8,358 — Total revenue, net of interest expense 43,673 41,436 5 Provision for credit losses 4,649 4,987 (7) Noninterest expense 22,697 22,104 3 Income before","Net income $ 12,245",Item 1,509105,509124,"sion for credit losses 4,649 4,987 (7) Noninterest expense 22,697 22,104 3 Income before income taxes 16,327 14,345 14 Income tax expense 4,082 3,586 14 Net income $ 12,245 $ 10,759 14 Effective tax rate 25.0 % 25.0 % Net interest yield 3.56 3.34 Efficiency ratio 51.97 53.35 Return on average allocated capital 28 25 Balance Sheet Average Total loans and leases $ 319,312 $ 313,792 2 % Total earning assets 992,579 988,950 — Total assets 1,030,094 1,026,310 — Total deposits 948,078 945,549 — Allocated capital 44,00",F004_0000070858-26-000157.txt,Yes - locked for main run,Locked_for_main_run,Step 2C lock: approved for main-run execution; no post-lock claim/label/rationale edits except dated pre-analysis amendment.,Locked_for_main_run,2026-06-27,"No claim text, expected label, evidence anchor or rationale changes after lock except dated pre-analysis amendment before results analysis.",,,
F004_C03,F004,Bank of America Corp.,0000070858-26-000157,2025-12-31,Contradicted,segment_consistency,Bank of America has three business segments and does not include Global Markets as a segment.,Item 1 @ chars 302529-302570; Item 1 @ chars 302622-302657,Contradicted because the filing lists four business segments and explicitly includes Global Markets.,four business segments: Consumer Banking,Item 1,302529,302570,"nk subsidiaries throughout the U.S. and in international markets, we provide a diversified range of banking and nonbank financial services and products through four business segments: Consumer Banking , Global Wealth & Investment Management (GWIM) , Global Banking and Global Markets , with the remaining operations recorded in All Other . Additional information related to our business segments and the products and services they provide is included in the information set forth on pages 36 through 44 of Item 7. Management’s Discussion and Analysis of F",Global Banking and Global Markets,Item 1,302622,302657,"nge of banking and nonbank financial services and products through four business segments: Consumer Banking , Global Wealth & Investment Management (GWIM) , Global Banking and Global Markets , with the remaining operations recorded in All Other . Additional information related to our business segments and the products and services they provide is included in the information set forth on pages 36 through 44 of Item 7. Management’s Discussion and Analysis of Financial Condition and Results of Operations (MD&A) and Note 23 – Business Segment Inf",F004_0000070858-26-000157.txt,Yes - locked for main run,Locked_for_main_run,Step 2C lock: approved for main-run execution; no post-lock claim/label/rationale edits except dated pre-analysis amendment.,Locked_for_main_run,2026-06-27,"No claim text, expected label, evidence anchor or rationale changes after lock except dated pre-analysis amendment before results analysis.",,,
F004_C04,F004,Bank of America Corp.,0000070858-26-000157,2025-12-31,Contradicted,numeric_consistency,Bank of America's Consumer Banking net income was $10.759 billion in 2025.,Item 1 @ chars 509105-509133; Item 1 @ chars 302554-302570,Contradicted because the Consumer Banking table reports $12.245 billion for 2025 and $10.759 billion for 2024.,"Net income $ 12,245 $ 10,759",Item 1,509105,509133,"sion for credit losses 4,649 4,987 (7) Noninterest expense 22,697 22,104 3 Income before income taxes 16,327 14,345 14 Income tax expense 4,082 3,586 14 Net income $ 12,245 $ 10,759 14 Effective tax rate 25.0 % 25.0 % Net interest yield 3.56 3.34 Efficiency ratio 51.97 53.35 Return on average allocated capital 28 25 Balance Sheet Average Total loans and leases $ 319,312 $ 313,792 2 % Total earning assets 992,579 988,950 — Total assets 1,030,094 1,026,310 — Total deposits 948,078 945,549 — Allocated capital 44,000 43,250",Consumer Banking,Item 1,302554,302570,"t the U.S. and in international markets, we provide a diversified range of banking and nonbank financial services and products through four business segments: Consumer Banking , Global Wealth & Investment Management (GWIM) , Global Banking and Global Markets , with the remaining operations recorded in All Other . Additional information related to our business segments and the products and services they provide is included in the information set forth on pages 36 through 44 of Item 7. Management’s Discussion and Analysis of F",F004_0000070858-26-000157.txt,Yes - locked for main run,Locked_for_main_run,Step 2C lock: approved for main-run execution; no post-lock claim/label/rationale edits except dated pre-analysis amendment.,Locked_for_main_run,2026-06-27,"No claim text, expected label, evidence anchor or rationale changes after lock except dated pre-analysis amendment before results analysis.",,,
F004_C05,F004,Bank of America Corp.,0000070858-26-000157,2025-12-31,Contradicted,risk_to_mda_linkage,Bank of America states that market risk is inherent only in Global Markets and that other areas of the Corporation are not exposed to market risk.,Item 7 @ chars 686508-686553; Item 7 @ chars 686555-686623,Contradicted because the filing says market risk is primarily within Global Markets but also exists in other areas such as ALM activities.,primarily within our Global Markets segment,Item 7,686508,686553,"the value of assets or liabilities, or otherwise negatively impact earnings. This risk is inherent in the financial instruments associated with our operations, primarily within our Global Markets segment. We are also exposed to these risks in other areas of the Corporation (e.g., our ALM activities). In the event of market stress, these risks could have a material impact on our results. For more information, see Interest Rate Risk Management for the Banking Book on page 79. Our traditional banking loan and deposit products are non-trading positions and are",We are also exposed to these risks in other areas of the Corporation,Item 7,686555,686623,"e negatively impact earnings. This risk is inherent in the financial instruments associated with our operations, primarily within our Global Markets segment. We are also exposed to these risks in other areas of the Corporation (e.g., our ALM activities). In the event of market stress, these risks could have a material impact on our results. For more information, see Interest Rate Risk Management for the Banking Book on page 79. Our traditional banking loan and deposit products are non-trading positions and are generally reported at amortized cost for assets or the amount owed for",F004_0000070858-26-000157.txt,Yes - locked for main run,Locked_for_main_run,Step 2C lock: approved for main-run execution; no post-lock claim/label/rationale edits except dated pre-analysis amendment.,Locked_for_main_run,2026-06-27,"No claim text, expected label, evidence anchor or rationale changes after lock except dated pre-analysis amendment before results analysis.",,,
F004_C06,F004,Bank of America Corp.,0000070858-26-000157,2025-12-31,Insufficient Evidence,unsupported_causal_claim,Bank of America's increase in active mobile banking users was caused by artificial intelligence features added during 2025.,Item 1 @ chars 513703-513765; Item 1 @ chars 513796-513850,"Insufficient Evidence because the filing notes active mobile banking user growth and client preference changes, but the supplied evidence does not attribute that growth to AI features.",Active mobile banking users increased by more than one million,Item 1,513703,513765,"t of the total line of credit. (8) In addition to loan production in Consumer Banking , there is also first mortgage and home equity loan production in GWIM. Active mobile banking users increased by more than one million, reflecting client growth and continuing changes in our clients’ banking preferences. We had a net decrease of 72 financial centers and an increase of 16 ATMs as we continued to optimize our consumer banking network. During 2025, the total risk-adjusted margin increased eight bps primarily driven by higher net interest margin and lower net charge-offs, part",continuing changes in our clients’ banking preferences,Item 1,513796,513850,"e is also first mortgage and home equity loan production in GWIM. Active mobile banking users increased by more than one million, reflecting client growth and continuing changes in our clients’ banking preferences. We had a net decrease of 72 financial centers and an increase of 16 ATMs as we continued to optimize our consumer banking network. During 2025, the total risk-adjusted margin increased eight bps primarily driven by higher net interest margin and lower net charge-offs, partially offset by lower fee income. Total credit card purchase volumes increased $8.9 b",F004_0000070858-26-000157.txt,Yes - locked for main run,Locked_for_main_run,Step 2C lock: approved for main-run execution; no post-lock claim/label/rationale edits except dated pre-analysis amendment.,Locked_for_main_run,2026-06-27,"No claim text, expected label, evidence anchor or rationale changes after lock except dated pre-analysis amendment before results analysis.",,,
F004_C07,F004,Bank of America Corp.,0000070858-26-000157,2025-12-31,Insufficient Evidence,missing_cross_section_support,"Bank of America discloses the exact number of employees located in the United Kingdom at December 31, 2025.",Item 1 @ chars 469289-469333; Item 1 @ chars 469434-469477,"Insufficient Evidence because the filing provides total headcount and geographic operations, but the reviewed evidence does not provide the exact U.K. employee count asserted by the claim.","headcount of approximately 213,000 employees",Item 1,469289,469333,"nder the Bank of America, National Association (Bank of America, N.A. or BANA) charter. At December 31, 2025, the Corporation had $3.4 trillion in assets and a headcount of approximately 213,000 employees. As of December 31, 2025, we served clients through operations across the U.S., its territories and more than 35 countries and/or jurisdictions. Our retail banking footprint covers all major markets in the U.S., and we serve approximately 69 million consumer and small business clients with approximately 3,600 retail financial centers, approximately 15,000 a",more than 35 countries and/or jurisdictions,Item 1,469434,469477,"n assets and a headcount of approximately 213,000 employees. As of December 31, 2025, we served clients through operations across the U.S., its territories and more than 35 countries and/or jurisdictions. Our retail banking footprint covers all major markets in the U.S., and we serve approximately 69 million consumer and small business clients with approximately 3,600 retail financial centers, approximately 15,000 automated teller machines (ATMs), and leading digital banking platforms (www.bankofamerica.com) with approximately 49 million active users, inclu",F004_0000070858-26-000157.txt,Yes - locked for main run,Locked_for_main_run,Step 2C lock: approved for main-run execution; no post-lock claim/label/rationale edits except dated pre-analysis amendment.,Locked_for_main_run,2026-06-27,"No claim text, expected label, evidence anchor or rationale changes after lock except dated pre-analysis amendment before results analysis.",,,
F004_C08,F004,Bank of America Corp.,0000070858-26-000157,2025-12-31,Insufficient Evidence,unsupported_forward_looking_or_external_claim,Bank of America commits to closing all retail financial centers by the end of 2026.,Item 1 @ chars 469625-469669; Item 1 @ chars 513852-513897,"Insufficient Evidence because the filing discusses its retail banking footprint and changes in financial centers, but the supplied evidence does not contain the asserted commitment to close all centers by 2026.","approximately 3,600 retail financial centers",Item 1,469625,469669,"urisdictions. Our retail banking footprint covers all major markets in the U.S., and we serve approximately 69 million consumer and small business clients with approximately 3,600 retail financial centers, approximately 15,000 automated teller machines (ATMs), and leading digital banking platforms (www.bankofamerica.com) with approximately 49 million active users, including approximately 41 million active mobile users. We offer industry-leading support to approximately four million small business households. Our GWIM businesses, with client balances of $4.",We had a net decrease of 72 financial centers,Item 1,513852,513897,"in GWIM. Active mobile banking users increased by more than one million, reflecting client growth and continuing changes in our clients’ banking preferences. We had a net decrease of 72 financial centers and an increase of 16 ATMs as we continued to optimize our consumer banking network. During 2025, the total risk-adjusted margin increased eight bps primarily driven by higher net interest margin and lower net charge-offs, partially offset by lower fee income. Total credit card purchase volumes increased $8.9 billion, and debit card purchase volumes increas",F004_0000070858-26-000157.txt,Yes - locked for main run,Locked_for_main_run,Step 2C lock: approved for main-run execution; no post-lock claim/label/rationale edits except dated pre-analysis amendment.,Locked_for_main_run,2026-06-27,"No claim text, expected label, evidence anchor or rationale changes after lock except dated pre-analysis amendment before results analysis.",,,
F005_C01,F005,Verizon Communications Inc.,0000732712-26-000007,2025-12-31,Supported,cross_section_synthesis,"Verizon operates two reportable segments, Consumer and Business, and the Consumer segment generated $106.8 billion of revenue, about 77% of consolidated revenues, in 2025.",Item 1 @ chars 93750-93836; Item 1 @ chars 94697-94744,Supported by Item 1 segment disclosure and segment revenue information.,We have two reportable segments that we operate and manage as strategic business units,Item 1,93750,93836,"oice services and solutions on our networks and platforms that are designed to meet customers’ demand for mobility, reliable network connectivity and security. We have two reportable segments that we operate and manage as strategic business units - Verizon Consumer Group (Consumer) and Verizon Business Group (Business). Verizon Consumer Group Our Consumer segment provides consumer-focused wireless and wireline communications services and products. Our wireless services are provided across one of the most extensive wireless networks in the United States (U.S.) under the Verizon family of brands and t",Consumer segment’s revenues were $106.8 billion,Item 1,94697,94744,"our fifth-generation (5G) or fourth-generation (4G) Long-Term Evolution (LTE) networks as an alternative to traditional landline internet access. In 2025, the Consumer segment’s revenues were $106.8 billion, representing approximately 77% of Verizon’s consolidated revenues. As of December 31, 2025, Consumer had approximately 116 million wireless retail connections (including FWA), of which 83% were postpaid connections. In addition, at December 31, 2025, Consumer had approximately 11 million total broadband connections (which includes Fios internet, FWA and Di",F005_0000732712-26-000007.txt,Yes - locked for main run,Locked_for_main_run,Step 2C lock: approved for main-run execution; no post-lock claim/label/rationale edits except dated pre-analysis amendment.,Locked_for_main_run,2026-06-27,"No claim text, expected label, evidence anchor or rationale changes after lock except dated pre-analysis amendment before results analysis.",,,
F005_C02,F005,Verizon Communications Inc.,0000732712-26-000007,2025-12-31,Supported,numeric_consistency,"Verizon's consolidated operating revenues were $138.191 billion in 2025, up $3.403 billion, or 2.5%, from 2024.",Item 7 @ chars 191259-191324; Item 7 @ chars 191326-191379,Supported by the Consolidated Operating Revenues table in MD&A.,"Consolidated Operating Revenues $ 138,191 $ 134,788 $ 3,403 2.5",Item 7,191259,191324,"Consumer $ 106,807 $ 102,904 $ 3,903 3.8 % Business 29,069 29,531 (462) (1.6) Corporate and other 2,642 2,609 33 1.3 Eliminations (327) (256) (71) 27.7 Consolidated Operating Revenues $ 138,191 $ 134,788 $ 3,403 2.5 Consolidated operating revenues increased during 2025 compared to 2024 primarily due to revenue increases in our Consumer segment, partially offset by revenue decreases in our Business segment. 23 Table of Contents Revenues for our segments are discussed separately below under the heading ""Segment Results of Operations."" Consolidated Operating Expenses (d",Consolidated operating revenues increased during 2025,Item 7,191326,191379,"1 (462) (1.6) Corporate and other 2,642 2,609 33 1.3 Eliminations (327) (256) (71) 27.7 Consolidated Operating Revenues $ 138,191 $ 134,788 $ 3,403 2.5 Consolidated operating revenues increased during 2025 compared to 2024 primarily due to revenue increases in our Consumer segment, partially offset by revenue decreases in our Business segment. 23 Table of Contents Revenues for our segments are discussed separately below under the heading ""Segment Results of Operations."" Consolidated Operating Expenses (dollars in millions) Years Ended December 31, 2025 2024",F005_0000732712-26-000007.txt,Yes - locked for main run,Locked_for_main_run,Step 2C lock: approved for main-run execution; no post-lock claim/label/rationale edits except dated pre-analysis amendment.,Locked_for_main_run,2026-06-27,"No claim text, expected label, evidence anchor or rationale changes after lock except dated pre-analysis amendment before results analysis.",,,
F005_C03,F005,Verizon Communications Inc.,0000732712-26-000007,2025-12-31,Supported,risk_to_mda_linkage,Verizon discloses market-risk exposure to interest-rate and foreign-exchange changes and states it uses derivatives for risk-management objectives rather than trading purposes.,Item 7A @ chars 295447-295537; Item 7A @ chars 295880-295927,Supported by Item 7A market-risk disclosure.,"including the impact of interest rate changes, foreign currency exchange rate fluctuations",Item 7A,295447,295537,"gnificant. Item 7A. Quantitative and Qualitative Disclosures About Market Risk We are exposed to various types of market risk in the normal course of business, including the impact of interest rate changes, foreign currency exchange rate fluctuations, changes in investment, equity and commodity prices and changes in corporate tax rates. We employ risk management strategies, which may include the use of a variety of derivatives including cross currency swaps, forward starting interest rate swaps, interest rate swaps, interest rate caps, treasury rate locks and foreign exchange forwards. We do not hold de",We do not hold derivatives for trading purposes,Item 7A,295880,295927,"cluding cross currency swaps, forward starting interest rate swaps, interest rate swaps, interest rate caps, treasury rate locks and foreign exchange forwards. We do not hold derivatives for trading purposes. It is our general policy to enter into interest rate, foreign currency and other derivative transactions only to the extent necessary to achieve our desired objectives in optimizing exposure to various market risks. Our objectives include maintaining a mix of fixed and variable rate debt to lower borrowing costs within reasonable risk parameters and to pro",F005_0000732712-26-000007.txt,Yes - locked for main run,Locked_for_main_run,Step 2C lock: approved for main-run execution; no post-lock claim/label/rationale edits except dated pre-analysis amendment.,Locked_for_main_run,2026-06-27,"No claim text, expected label, evidence anchor or rationale changes after lock except dated pre-analysis amendment before results analysis.",,,
F005_C04,F005,Verizon Communications Inc.,0000732712-26-000007,2025-12-31,Contradicted,segment_consistency,"Verizon reports three operating segments: Consumer, Business and Media.",Item 1 @ chars 93758-93781; Item 1 @ chars 96568-96589,Contradicted because the filing states Verizon has two reportable segments: Consumer and Business.,two reportable segments,Item 1,93758,93781,"vices and solutions on our networks and platforms that are designed to meet customers’ demand for mobility, reliable network connectivity and security. We have two reportable segments that we operate and manage as strategic business units - Verizon Consumer Group (Consumer) and Verizon Business Group (Business). Verizon Consumer Group Our Consumer segment provides consumer-focused wireless and wireline communications services and products. Our wireless services are provided across one of the most extensive wireless networks in the United",Consumer and Business,Item 1,96568,96589,"cial statements included in this Annual Report. Service and Product Offerings Wireless Services and Equipment We provide a wide variety of wireless services to Consumer and Business customers on different service plan options. Our Consumer Group offers various phone plans for retail customers with features, designed to fit their needs, including access to their preferred content and services (which we call “perks”). We also offer plans for customers who want access to Verizon’s network at a lower price point, as well as discounts and",F005_0000732712-26-000007.txt,Yes - locked for main run,Locked_for_main_run,Step 2C lock: approved for main-run execution; no post-lock claim/label/rationale edits except dated pre-analysis amendment.,Locked_for_main_run,2026-06-27,"No claim text, expected label, evidence anchor or rationale changes after lock except dated pre-analysis amendment before results analysis.",,,
F005_C05,F005,Verizon Communications Inc.,0000732712-26-000007,2025-12-31,Contradicted,numeric_consistency,"Verizon's Business segment operating revenues increased by $462 million, or 1.6%, in 2025.",Item 7 @ chars 191145-191180; Item 7 @ chars 191478-191519,"Contradicted because the Consolidated Operating Revenues table shows Business revenues decreased by $462 million, or 1.6%, in 2025.","Business 29,069 29,531 (462) (1.6)",Item 7,191145,191180,"024. Consolidated Operating Revenues (dollars in millions) Years Ended December 31, 2025 2024 Increase/(Decrease) Consumer $ 106,807 $ 102,904 $ 3,903 3.8 % Business 29,069 29,531 (462) (1.6) Corporate and other 2,642 2,609 33 1.3 Eliminations (327) (256) (71) 27.7 Consolidated Operating Revenues $ 138,191 $ 134,788 $ 3,403 2.5 Consolidated operating revenues increased during 2025 compared to 2024 primarily due to revenue increases in our Consumer segment, partially offset by revenue decreases in our Business segment. 23 Table of Content",revenue decreases in our Business segment,Item 7,191478,191519,"3 2.5 Consolidated operating revenues increased during 2025 compared to 2024 primarily due to revenue increases in our Consumer segment, partially offset by revenue decreases in our Business segment. 23 Table of Contents Revenues for our segments are discussed separately below under the heading ""Segment Results of Operations."" Consolidated Operating Expenses (dollars in millions) Years Ended December 31, 2025 2024 Increase/(Decrease) Cost of services $ 27,789 $ 27,997 $ (208) (0.7) % Cost of wireless equipment 28,976 26,100 2,876 11.0 Selling, gene",F005_0000732712-26-000007.txt,Yes - locked for main run,Locked_for_main_run,Step 2C lock: approved for main-run execution; no post-lock claim/label/rationale edits except dated pre-analysis amendment.,Locked_for_main_run,2026-06-27,"No claim text, expected label, evidence anchor or rationale changes after lock except dated pre-analysis amendment before results analysis.",,,
F005_C06,F005,Verizon Communications Inc.,0000732712-26-000007,2025-12-31,Insufficient Evidence,unsupported_causal_claim,Verizon's 2025 Consumer revenue increase was caused primarily by artificial intelligence automation in its network operations.,Item 7 @ chars 191099-191141; Item 1 @ chars 105696-105713,"Insufficient Evidence because the filing supports Consumer revenue growth and separately discusses network technologies, but the supplied evidence does not explicitly attribute the Consumer revenue increase primarily to AI automation.","Consumer $ 106,807 $ 102,904 $ 3,903 3.8",Item 7,191099,191141,"on Form 10-K for the year ended December 31, 2024. Consolidated Operating Revenues (dollars in millions) Years Ended December 31, 2025 2024 Increase/(Decrease) Consumer $ 106,807 $ 102,904 $ 3,903 3.8 % Business 29,069 29,531 (462) (1.6) Corporate and other 2,642 2,609 33 1.3 Eliminations (327) (256) (71) 27.7 Consolidated Operating Revenues $ 138,191 $ 134,788 $ 3,403 2.5 Consolidated operating revenues increased during 2025 compared to 2024 primarily due to revenue increases in our Consumer segment, partially offset by revenue decreases in ou",AI and automation,Item 1,105696,105713,"erformance and efficiency. Network Evolution Our networks leverage advanced technologies, including 5G wireless, fiber-based transport, cloud infrastructures, AI and automation, private networks and IP routing solutions. We are using the benefits of cloud computing and storage to virtualize aspects of our network infrastructure. Virtualization supports cost efficiency and supplier diversification, and reduces time to deploy networks. Verizon has an industry leading virtualized radio access network (vRAN) infrastructure and has dep",F005_0000732712-26-000007.txt,Yes - locked for main run,Locked_for_main_run,Step 2C lock: approved for main-run execution; no post-lock claim/label/rationale edits except dated pre-analysis amendment.,Locked_for_main_run,2026-06-27,"No claim text, expected label, evidence anchor or rationale changes after lock except dated pre-analysis amendment before results analysis.",,,
F005_C07,F005,Verizon Communications Inc.,0000732712-26-000007,2025-12-31,Insufficient Evidence,missing_cross_section_support,"Verizon discloses the exact number of 5G network cell sites active at December 31, 2025.",Item 7 @ chars 184141-184162; Item 1 @ chars 106341-106364,"Insufficient Evidence because the filing discusses 5G/4G LTE and network densification, but the supplied evidence does not provide the exact active 5G cell-site count required by the claim.",5G or 4G LTE networks,Item 7,184141,184162,"our 100% fiber-optic network through our fiber product portfolio, as well as over a traditional copper-based network. We also provide FWA broadband through our 5G or 4G LTE networks as an alternative to traditional landline internet access. Customers can obtain our wireless services on a postpaid or prepaid basis. Our postpaid service is generally billed one month in advance for a monthly access charge in return for access to and usage of network services. Our prepaid service is offered only to Consumer customers and enables individual",densifying our networks,Item 1,106341,106364,"nteroperable network components from multiple vendors. Our evolving network infrastructure positions us well to handle increased capacity demands of AI. We are densifying our networks by utilizing macro and small cell technology, in-building solutions and distributed antenna systems to increase coverage, improve quality of service and add capacity to accommodate an increasing number of users. We also continue to expand our network coverage by partnering with satellite providers to enhance off-grid emergency and text messaging services. B",F005_0000732712-26-000007.txt,Yes - locked for main run,Locked_for_main_run,Step 2C lock: approved for main-run execution; no post-lock claim/label/rationale edits except dated pre-analysis amendment.,Locked_for_main_run,2026-06-27,"No claim text, expected label, evidence anchor or rationale changes after lock except dated pre-analysis amendment before results analysis.",,,
F005_C08,F005,Verizon Communications Inc.,0000732712-26-000007,2025-12-31,Insufficient Evidence,unsupported_forward_looking_or_external_claim,Verizon guarantees that the Frontier transaction will increase consolidated operating revenues in 2026.,Filing text / embedded MD&A or note section @ chars 9471-9479; Item 1 @ chars 128155-128170,"Insufficient Evidence because the filing mentions Frontier as a recent development, but the supplied evidence does not guarantee a 2026 consolidated revenue increase from that transaction.",Frontier,Filing text / embedded MD&A or note section,9471,9479,2021-11-23 2021-11-23 0000732712 vz:TracFoneWirelessIncMember 2024-01-01 2024-12-31 0000732712 vz:TracFoneWirelessIncMember 2023-01-01 2023-12-31 0000732712 vz:FrontierMember us-gaap:SubsequentEventMember 2026-01-20 0000732712 vz:FrontierMember us-gaap:SubsequentEventMember 2026-01-20 2026-01-20 0000732712 vz:StarryGroupHoldingsInc.Member us-gaap:SubsequentEventMember 2026-01-30 0000732712 vz:WirelessLicensesMember 2025-12-31 0000732712 vz:WirelessLicensesMember 2024-12-31 0000732712 vz:WirelessLicensesMember 2025-01-01 20,forward-looking,Item 1,128155,128170,"able through, the websites or social media platforms. Therefore, such information should not be considered part of this report. Cautionary Statement Concerning Forward-Looking Statements In this report we have made forward-looking statements. These statements are based on our estimates and assumptions and are subject to risks and uncertainties. Forward-looking statements include the information concerning our possible or assumed future results of operations. Forward-looking statements also include those preceded or followed by th",F005_0000732712-26-000007.txt,Yes - locked for main run,Locked_for_main_run,Step 2C lock: approved for main-run execution; no post-lock claim/label/rationale edits except dated pre-analysis amendment.,Locked_for_main_run,2026-06-27,"No claim text, expected label, evidence anchor or rationale changes after lock except dated pre-analysis amendment before results analysis.",,,
F006_C01,F006,Ford Motor Co.,0000037996-26-000015,2025-12-31,Supported,cross_section_synthesis,"Ford describes Ford Blue, Ford Model e and Ford Pro as customer-centered business segments and separately provides financial services through Ford Credit.",Item 1 @ chars 120189-120241; Item 1 @ chars 120663-120724,Supported by Item 1 business description.,three customer-centered business segments: Ford Blue,Item 1,120189,120241,"ns and cars, and Lincoln luxury vehicles, along with connected services, including BlueCruise (ADAS) and security. The Company offers freedom of choice through three customer-centered business segments: Ford Blue, engineering iconic gas-powered and hybrid vehicles; Ford Model e, inventing breakthrough electric vehicles (“EVs”), including extended range electric vehicles (“EREVs”), along with embedded software that defines always-on digital experiences for all customers; and Ford Pro, helping commercial customers transform and expand their businesses with vehicles an",provides financial services through Ford Motor Credit Company,Item 1,120663,120724,"and Ford Pro, helping commercial customers transform and expand their businesses with vehicles and services tailored to their needs. Additionally, the Company provides financial services through Ford Motor Credit Company LLC (“Ford Credit”). In addition to the information about Ford and our subsidiaries contained in this Annual Report on Form 10-K for the year ended December 31, 2025 (“2025 Form 10-K Report” or “Report”), extensive information about our Company can be found at https://corporate.ford.com , including information about our management team, brands, products, s",F006_0000037996-26-000015.txt,Yes - locked for main run,Locked_for_main_run,Step 2C lock: approved for main-run execution; no post-lock claim/label/rationale edits except dated pre-analysis amendment.,Locked_for_main_run,2026-06-27,"No claim text, expected label, evidence anchor or rationale changes after lock except dated pre-analysis amendment before results analysis.",,,
F006_C02,F006,Ford Motor Co.,0000037996-26-000015,2025-12-31,Supported,numeric_consistency,Ford reported 2025 revenue of $187.267 billion and a net loss attributable to Ford Motor Company of $8.182 billion.,Item 7 @ chars 345104-345133; Item 7 @ chars 341532-341594,Supported by MD&A company key metrics and results of operations.,"Revenue ($M) 184,992 187,267",Item 7,345104,345133,"key metrics for the Company compared to a year ago. 2024 2025 H / (L) GAAP Financial Measures Cash Flows from Operating Activities ($B) $ 15.4 $ 21.3 $ 5.9 Revenue ($M) 184,992 187,267 1 % Net Income/(Loss) ($M) 5,879 (8,182) $ (14,061) Net Income/(Loss) Margin (%) 3.2 % (4.4 %) (7.6) ppts EPS (Diluted) $ 1.46 $ (2.06) $ (3.52) Non-GAAP Financial Measures (a) Company Adj. Free Cash Flow ($B) $ 6.7 $ 3.5 $ (3.2) Company Adj. EBIT ($M) 10,208 6,780 (3,428) Company Adj. EBIT Margin (%) 5.5 % 3.6 % (1.9) ppts Adjusted EPS (Diluted) $","net loss attributable to Ford Motor Company was $8,182 million",Item 7,341532,341594,"ategory of costs. 46 Item 7. Management’s Discussion and Analysis of Financial Condition and Results of Operations (Continued) RESULTS OF OPERATIONS - 2025 The net loss attributable to Ford Motor Company was $8,182 million in 2025. Company adjusted EBIT was $6,780 million. Net income/(loss) includes certain items (“special items”) that are excluded from Company adjusted EBIT. These items are discussed in more detail under “Non-GAAP Financial Measures That Supplement GAAP Measures” on page 77 and in Note 25 of the Notes to the Financial Statements. We report special items sepa",F006_0000037996-26-000015.txt,Yes - locked for main run,Locked_for_main_run,Step 2C lock: approved for main-run execution; no post-lock claim/label/rationale edits except dated pre-analysis amendment.,Locked_for_main_run,2026-06-27,"No claim text, expected label, evidence anchor or rationale changes after lock except dated pre-analysis amendment before results analysis.",,,
F006_C03,F006,Ford Motor Co.,0000037996-26-000015,2025-12-31,Supported,risk_to_mda_linkage,"Ford discloses exposure to foreign currency exchange rates, commodity prices and interest rates, and Item 7A states these exposures are managed through its overall risk-management program.",Item 7A @ chars 479876-479967; Item 1A @ chars 255153-255184,Supported by risk/market-risk disclosures in Item 7A.,"effects of changes in foreign currency exchange rates, commodity prices, and interest rates",Item 7A,479876,479967,"atements. 93 ITEM 7A. Quantitative and Qualitative Disclosures About Market Risk OVERVIEW We are exposed to a variety of market and other risks, including the effects of changes in foreign currency exchange rates, commodity prices, and interest rates, as well as risks to availability of funding sources, hazard events, and specific asset risks. We monitor and manage these exposures as an integral part of our overall risk management program, which includes regular reports to a central management committee, the Global Risk Management Committee (“GRMC”). The GRMC is chaired by our Chief Financial Officer, a",overall risk management program,Item 1A,255153,255184,"n commodity and energy prices, foreign currency exchange rates, and interest rates. We monitor and attempt to manage these exposures as an integral part of our overall risk management program, which recognizes the unpredictability of markets and seeks to reduce potentially adverse effects on our business. Changes in commodity and energy prices (from tariffs, geopolitical developments, or otherwise), currency exchange rates, and interest rates cannot always be predicted, hedged, or offset with price increases to eliminate earnings volatility. As",F006_0000037996-26-000015.txt,Yes - locked for main run,Locked_for_main_run,Step 2C lock: approved for main-run execution; no post-lock claim/label/rationale edits except dated pre-analysis amendment.,Locked_for_main_run,2026-06-27,"No claim text, expected label, evidence anchor or rationale changes after lock except dated pre-analysis amendment before results analysis.",,,
F006_C04,F006,Ford Motor Co.,0000037996-26-000015,2025-12-31,Contradicted,segment_consistency,"Ford Model e was profitable in 2025, reporting positive EBIT of $4.806 billion.",Filing text / embedded MD&A or note section @ chars 117344-117364; Item 7 @ chars 349360-349385,Contradicted because the filing reports a Ford Model e EBIT loss of $4.806 billion for 2025.,Ford Model e Segment,Filing text / embedded MD&A or note section,117344,117364,and Results of Operations 43 Key Trends and Economic Factors Affecting Ford and the Automotive Industry 43 Results of Operations - 2025 47 Ford Blue Segment 49 Ford Model e Segment 50 Ford Pro Segment 50 Ford Credit Segment 52 Corporate Other 55 Interest on Debt 55 Taxes 55 Results of Operations - 2024 56 Ford Blue Segment 58 Ford Model e Segment 59 Ford Pro Segment 59 Ford Credit Segment 60 Corporate Other 61 Interest on Debt 61 Taxes 61 Liquidity and Capital Resources 62 Credit Ratings 73 Outlook 74 Cautionary Note on Forward-Lookin,"EBIT ($M) (5,105) (4,806)",Item 7,349360,349385,"esults of Operations (Continued) Ford Model e Segment 2024 2025 H / (L) Key Metrics Wholesale Units (000) 105 178 73 Revenue ($M) $ 3,858 $ 6,670 $ 2,812 EBIT ($M) (5,105) (4,806) 299 EBIT Margin (%) (132.3) % (72.1) % 60.3 ppts Change in EBIT by Causal Factor (in millions) 2024 Full Year EBIT $ (5,105) Volume / Mix 332 Net Pricing (7) Cost 122 Exchange (6) Other (142) 2025 Full Year EBIT $ (4,806) In 2025, Ford Model e’s wholesales increased 69% from a year ago, primarily reflecting higher wholesales in Europe, including a full y",F006_0000037996-26-000015.txt,Yes - locked for main run,Locked_for_main_run,Step 2C lock: approved for main-run execution; no post-lock claim/label/rationale edits except dated pre-analysis amendment.,Locked_for_main_run,2026-06-27,"No claim text, expected label, evidence anchor or rationale changes after lock except dated pre-analysis amendment before results analysis.",,,
F006_C05,F006,Ford Motor Co.,0000037996-26-000015,2025-12-31,Contradicted,causal_or_explanatory_claim,Ford Blue's 2025 revenue increased from 2024 because wholesales increased.,Filing text / embedded MD&A or note section @ chars 117323-117340; Item 7 @ chars 348278-348313,Contradicted because the filing states Ford Blue revenue decreased 1% and wholesales decreased 5% from a year ago.,Ford Blue Segment,Filing text / embedded MD&A or note section,117323,117340,Financial Condition and Results of Operations 43 Key Trends and Economic Factors Affecting Ford and the Automotive Industry 43 Results of Operations - 2025 47 Ford Blue Segment 49 Ford Model e Segment 50 Ford Pro Segment 50 Ford Credit Segment 52 Corporate Other 55 Interest on Debt 55 Taxes 55 Results of Operations - 2024 56 Ford Blue Segment 58 Ford Model e Segment 59 Ford Pro Segment 59 Ford Credit Segment 60 Corporate Other 61 Interest on Debt 61 Taxes 61 Liquidity and Capital Resources 62 Credit Ratings 73 Outlook 74 Cautionar,Ford Blue’s wholesales decreased 5%,Item 7,348278,348313,"(in millions) 2024 Full Year EBIT $ 5,269 Volume / Mix (1,661) Net Pricing 1,487 Cost (1,125) Exchange (778) Other (168) 2025 Full Year EBIT $ 3,024 In 2025, Ford Blue’s wholesales decreased 5% from a year ago, primarily driven by lower wholesales in North America including a planned reduction in dealer stocks resulting in lower wholesales across multiple nameplates and lower F-150 wholesales driven by a disruption in aluminum supply. Lower sales at our joint ventures in China also contributed to the decrease. Full year 2025 revenue decreased 1%,",F006_0000037996-26-000015.txt,Yes - locked for main run,Locked_for_main_run,Step 2C lock: approved for main-run execution; no post-lock claim/label/rationale edits except dated pre-analysis amendment.,Locked_for_main_run,2026-06-27,"No claim text, expected label, evidence anchor or rationale changes after lock except dated pre-analysis amendment before results analysis.",,,
F006_C06,F006,Ford Motor Co.,0000037996-26-000015,2025-12-31,Contradicted,numeric_consistency,Ford Pro's 2025 revenue was $101.019 billion.,Filing text / embedded MD&A or note section @ chars 117323-117340; Filing text / embedded MD&A or note section @ chars 116618-116634,Contradicted because $101.019 billion is Ford Blue's 2025 revenue; Ford Pro's 2025 revenue was $66.286 billion.,Ford Blue Segment,Filing text / embedded MD&A or note section,117323,117340,Financial Condition and Results of Operations 43 Key Trends and Economic Factors Affecting Ford and the Automotive Industry 43 Results of Operations - 2025 47 Ford Blue Segment 49 Ford Model e Segment 50 Ford Pro Segment 50 Ford Credit Segment 52 Corporate Other 55 Interest on Debt 55 Taxes 55 Results of Operations - 2024 56 Ford Blue Segment 58 Ford Model e Segment 59 Ford Pro Segment 59 Ford Credit Segment 60 Corporate Other 61 Interest on Debt 61 Taxes 61 Liquidity and Capital Resources 62 Credit Ratings 73 Outlook 74 Cautionar,Ford Pro Segment,Filing text / embedded MD&A or note section,116618,116634,"OMPANY ANNUAL REPORT ON FORM 10-K For the Year Ended December 31, 2025 Table of Contents Page Part I Item 1 Business 1 Overview 2 Ford Blue, Ford Model e, and Ford Pro Segment 2 Ford Credit Segment 6 Corporate Other 7 Interest on Debt 7 Governmental Standards 7 Human Capital Resources 14 Item 1A Risk Factors 18 Item 1B Unresolved Staff Comments 33 Item 1C Cybersecurity 33 Item 2 Properties 35 Item 3 Legal Proceedings 36 Item 4 Mine Safety Disclosures 38 Item 4A Information about our Executive Officers 39 Part II Item 5 Market for",F006_0000037996-26-000015.txt,Yes - locked for main run,Locked_for_main_run,Step 2C lock: approved for main-run execution; no post-lock claim/label/rationale edits except dated pre-analysis amendment.,Locked_for_main_run,2026-06-27,"No claim text, expected label, evidence anchor or rationale changes after lock except dated pre-analysis amendment before results analysis.",,,
F006_C07,F006,Ford Motor Co.,0000037996-26-000015,2025-12-31,Insufficient Evidence,unsupported_causal_claim,Ford's 2025 net loss was caused primarily by tariffs rather than special items related to Model e impairment and EV program cancellations.,Item 7 @ chars 346822-346904; Item 7 @ chars 348998-349018,Insufficient Evidence because the filing discusses tariffs and also states the year-over-year net income decrease was primarily driven by higher special items and lower Ford Blue/Ford Pro EBIT; the supplied evidence does not support the tariff-primary causal claim.,higher year-over-year special items primarily reflect the Model e asset impairment,Item 7,346822,346904,"in 2025 was primarily driven by higher special items and lower Ford Blue and Ford Pro EBIT, offset partially by lower taxes. The higher year-over-year special items primarily reflect the Model e asset impairment and EV program cancellations as well as the BOSK JV disposition. The year-over-year decrease of $3,428 million in Company adjusted EBIT primarily reflects lower Ford Blue and Ford Pro EBIT, including the impact of new and revised tariffs, offset partially by higher Ford Credit EBT and improved Model e EBIT. 48 Item 7. Management’s Discussion and Analysis of",tariff-related costs,Item 7,348998,349018,"a year ago, with an EBIT margin of 3.0%. The lower EBIT was primarily driven by lower volume, including the impact of the disruption in aluminum supply, higher tariff-related costs, and adverse exchange. Favorable net pricing and lower material and warranty costs were partial offsets. 49 Item 7. Management’s Discussion and Analysis of Financial Condition and Results of Operations (Continued) Ford Model e Segment 2024 2025 H / (L) Key Metrics Wholesale Units (000) 105 178 73 Revenue ($M) $ 3,858 $ 6,670 $ 2,812 EBIT ($M) (5,105)",F006_0000037996-26-000015.txt,Yes - locked for main run,Locked_for_main_run,"Step 2C lock: approved for main-run execution; no post-lock claim/label/rationale edits except dated pre-analysis amendment. Pre-analysis amendment 001: evidence_phrase_1 precision corrected to exact filing wording; claim text, expected label, rationale and inclusion unchanged.",Locked_for_main_run,2026-06-27,"No claim text, expected label, evidence anchor or rationale changes after lock except dated pre-analysis amendment before results analysis.",A001,2026-06-27,Corrected F006_C07 evidence_phrase_1 to exact filing wording and adjusted starting char offset only.
F006_C08,F006,Ford Motor Co.,0000037996-26-000015,2025-12-31,Insufficient Evidence,unsupported_forward_looking_or_external_claim,Ford guarantees that Ford Model e will be EBIT-positive in 2026.,Item 7 @ chars 349900-349958; Filing text / embedded MD&A or note section @ chars 117710-117736,"Insufficient Evidence because the filing reports Ford Model e's 2025 EBIT loss and discusses forward-looking statements, but it does not provide the asserted guarantee.","Ford Model e’s 2025 full year EBIT loss was $4,806 million",Item 7,349900,349958,"ull year of production of the Explorer and Capri and the introduction of the Puma Gen-E. Full year 2025 revenue increased 73%, driven by the higher wholesales. Ford Model e’s 2025 full year EBIT loss was $4,806 million, a $299 million improvement from a year ago, with an EBIT margin of negative 72.1%. The improved EBIT was primarily driven by higher volume and lower costs. The lower costs include lower material cost, which more than offset increased tariff-related costs and volume-related manufacturing costs. Ford Pro Segment 2024 2025 H / (L) Key Metrics Wholesale Units",forward-looking statements,Filing text / embedded MD&A or note section,117710,117736,nt 59 Ford Credit Segment 60 Corporate Other 61 Interest on Debt 61 Taxes 61 Liquidity and Capital Resources 62 Credit Ratings 73 Outlook 74 Cautionary Note on Forward-Looking Statements 75 Non-GAAP Financial Measures That Supplement GAAP Measures 77 Table of Contents (continued) Non-GAAP Financial Measure Reconciliations 79 2025 Supplemental Financial Information 81 Critical Accounting Estimates 85 Accounting Standards Issued But Not Yet Adopted 93 Item 7A Quantitative and Qualitative Disclosures About Market Risk 94 Item 8 Financial State,F006_0000037996-26-000015.txt,Yes - locked for main run,Locked_for_main_run,Step 2C lock: approved for main-run execution; no post-lock claim/label/rationale edits except dated pre-analysis amendment.,Locked_for_main_run,2026-06-27,"No claim text, expected label, evidence anchor or rationale changes after lock except dated pre-analysis amendment before results analysis.",,,
